{"cameraMode":{"drawMode":0,"name":"Shaded","section":"Shading Mode"},"sceneLighting":true,"audioPlay":false,"sceneViewState":{"showFog":true,"showMaterialUpdate":false,"showSkybox":true,"showFlares":true,"showImageEffects":true,"showParticleSystems":true},"in2DMode":false,"pivot":{"x":72.48826599121094,"y":9.71586799621582,"z":54.68593978881836},"rotation":{"x":-0.1314484030008316,"y":0.36535826325416567,"z":-0.052195243537425998,"w":-0.920074462890625},"size":10.8976469039917,"orthographic":true}