{"cameraMode":{"drawMode":0,"name":"Shaded","section":"Shading Mode"},"sceneLighting":true,"audioPlay":false,"sceneViewState":{"showFog":true,"showMaterialUpdate":false,"showSkybox":true,"showFlares":true,"showImageEffects":true,"showParticleSystems":true},"in2DMode":false,"pivot":{"x":84.52013397216797,"y":-17.93624496459961,"z":39.845458984375},"rotation":{"x":0.22071193158626557,"y":0.6279232501983643,"z":-0.19217728078365327,"w":0.7211582064628601},"size":32.31654739379883,"orthographic":false}