{"cameraMode":{"drawMode":0,"name":"Shaded","section":"Shading Mode"},"sceneLighting":true,"audioPlay":false,"sceneViewState":{"showFog":true,"showMaterialUpdate":false,"showSkybox":true,"showFlares":true,"showImageEffects":true,"showParticleSystems":true},"in2DMode":false,"pivot":{"x":67.63296508789063,"y":5.808350563049316,"z":27.94132423400879},"rotation":{"x":-0.1383925974369049,"y":0.11618209630250931,"z":-0.016349608078598977,"w":-0.9834047555923462},"size":8.106050491333008,"orthographic":false}