{"cameraMode":{"drawMode":0,"name":"Shaded","section":"Shading Mode"},"sceneLighting":true,"audioPlay":false,"sceneViewState":{"showFog":true,"showMaterialUpdate":false,"showSkybox":true,"showFlares":true,"showImageEffects":true,"showParticleSystems":true},"in2DMode":false,"pivot":{"x":85.42244720458985,"y":-5.628990650177002,"z":37.95182418823242},"rotation":{"x":0.28556180000305178,"y":0.4940219223499298,"z":-0.17586654424667359,"w":0.802165687084198},"size":58.24048614501953,"orthographic":true}