{"cameraMode":{"drawMode":0,"name":"Shaded","section":"Shading Mode"},"sceneLighting":false,"audioPlay":false,"sceneViewState":{"showFog":true,"showMaterialUpdate":false,"showSkybox":false,"showFlares":true,"showImageEffects":true,"showParticleSystems":true},"in2DMode":false,"pivot":{"x":63.0,"y":1.4850000143051148,"z":26.57826805114746},"rotation":{"x":-0.2404959797859192,"y":0.05732346698641777,"z":-0.014228950254619122,"w":-0.9688524007797241},"size":1.64475679397583,"orthographic":false}