{"cameraMode":{"drawMode":0,"name":"Shaded","section":"Shading Mode"},"sceneLighting":false,"audioPlay":false,"sceneViewState":{"showFog":true,"showMaterialUpdate":false,"showSkybox":false,"showFlares":true,"showImageEffects":true,"showParticleSystems":true},"in2DMode":false,"pivot":{"x":26.1611385345459,"y":4.119171142578125,"z":7.921535015106201},"rotation":{"x":0.5465630292892456,"y":-0.01758284494280815,"z":0.011479510925710202,"w":0.8371550440788269},"size":0.5003237724304199,"orthographic":false}