{"cameraMode":{"drawMode":0,"name":"Shaded","section":"Shading Mode"},"sceneLighting":false,"audioPlay":false,"sceneViewState":{"showFog":true,"showMaterialUpdate":false,"showSkybox":false,"showFlares":true,"showImageEffects":true,"showParticleSystems":true},"in2DMode":false,"pivot":{"x":-8.873255729675293,"y":2.6324334144592287,"z":-13.293961524963379},"rotation":{"x":0.11198131740093231,"y":0.8795962333679199,"z":-0.25569581985473635,"w":0.3852282166481018},"size":3.739269495010376,"orthographic":false}