{"cameraMode":{"drawMode":0,"name":"Shaded","section":"Shading Mode"},"sceneLighting":true,"audioPlay":false,"sceneViewState":{"showFog":true,"showMaterialUpdate":false,"showSkybox":true,"showFlares":true,"showImageEffects":true,"showParticleSystems":true},"in2DMode":false,"pivot":{"x":47.050209045410159,"y":-6.250483989715576,"z":43.223636627197269},"rotation":{"x":-0.1858098804950714,"y":0.09621787071228028,"z":-0.018286217004060746,"w":-0.9776932001113892},"size":32.01350402832031,"orthographic":false}