{"cameraMode":{"drawMode":0,"name":"Shaded","section":"Shading Mode"},"sceneLighting":false,"audioPlay":false,"sceneViewState":{"showFog":true,"showMaterialUpdate":false,"showSkybox":false,"showFlares":true,"showImageEffects":true,"showParticleSystems":true},"in2DMode":false,"pivot":{"x":-9.375075340270996,"y":4.6998114585876469,"z":-12.218725204467774},"rotation":{"x":0.19759418070316316,"y":0.25965622067451479,"z":-0.05436785891652107,"w":0.943710207939148},"size":3.3684332370758058,"orthographic":false}