{"cameraMode":{"drawMode":0,"name":"Shaded","section":"Shading Mode"},"sceneLighting":false,"audioPlay":false,"sceneViewState":{"showFog":true,"showMaterialUpdate":false,"showSkybox":false,"showFlares":true,"showImageEffects":true,"showParticleSystems":true},"in2DMode":false,"pivot":{"x":-0.02697896957397461,"y":-0.09155496954917908,"z":-0.374497652053833},"rotation":{"x":0.11198131740093231,"y":0.8795962333679199,"z":-0.25569581985473635,"w":0.3852282166481018},"size":2.6006357669830324,"orthographic":false}