{"cameraMode":{"drawMode":0,"name":"Shaded","section":"Shading Mode"},"sceneLighting":false,"audioPlay":false,"sceneViewState":{"showFog":true,"showMaterialUpdate":false,"showSkybox":false,"showFlares":true,"showImageEffects":true,"showParticleSystems":true},"in2DMode":false,"pivot":{"x":-5.775517463684082,"y":-4.680048942565918,"z":-4.869021892547607},"rotation":{"x":-0.0701683983206749,"y":0.9035500884056091,"z":-0.16245681047439576,"w":-0.3902469873428345},"size":13.42748737335205,"orthographic":false}