{"cameraMode":{"drawMode":0,"name":"Shaded","section":"Shading Mode"},"sceneLighting":false,"audioPlay":false,"sceneViewState":{"showFog":true,"showMaterialUpdate":false,"showSkybox":false,"showFlares":true,"showImageEffects":true,"showParticleSystems":true},"in2DMode":false,"pivot":{"x":65.1545639038086,"y":1.077048897743225,"z":32.654449462890628},"rotation":{"x":-0.2879272997379303,"y":0.23723620176315309,"z":-0.07385651022195816,"w":-0.9248594045639038},"size":6.971523284912109,"orthographic":false}