{"cameraMode":{"drawMode":0,"name":"Shaded","section":"Shading Mode"},"sceneLighting":false,"audioPlay":false,"sceneViewState":{"showFog":true,"showMaterialUpdate":false,"showSkybox":false,"showFlares":true,"showImageEffects":true,"showParticleSystems":true},"in2DMode":false,"pivot":{"x":-4.560419082641602,"y":4.340987205505371,"z":-14.708391189575196},"rotation":{"x":0.17633871734142304,"y":0.42916765809059145,"z":-0.08583575487136841,"w":0.881680965423584},"size":3.7882463932037355,"orthographic":false}