{"cameraMode":{"drawMode":0,"name":"Shaded","section":"Shading Mode"},"sceneLighting":false,"audioPlay":false,"sceneViewState":{"showFog":true,"showMaterialUpdate":false,"showSkybox":false,"showFlares":true,"showImageEffects":true,"showParticleSystems":true},"in2DMode":false,"pivot":{"x":-1.2887816429138184,"y":1.8934619426727296,"z":-13.350765228271485},"rotation":{"x":0.1540454626083374,"y":0.7605096101760864,"z":-0.19532428681850434,"w":0.5997937321662903},"size":2.971813201904297,"orthographic":false}