{"cameraMode":{"drawMode":0,"name":"Shaded","section":"Shading Mode"},"sceneLighting":false,"audioPlay":false,"sceneViewState":{"showFog":true,"showMaterialUpdate":false,"showSkybox":false,"showFlares":true,"showImageEffects":true,"showParticleSystems":true},"in2DMode":false,"pivot":{"x":69.26176452636719,"y":5.626241683959961,"z":27.68206024169922},"rotation":{"x":0.23772288858890534,"y":-0.4672602415084839,"z":0.1320377141237259,"w":0.8412629961967468},"size":3.630866527557373,"orthographic":false}