{"cameraMode":{"drawMode":0,"name":"Shaded","section":"Shading Mode"},"sceneLighting":true,"audioPlay":false,"sceneViewState":{"showFog":true,"showMaterialUpdate":false,"showSkybox":true,"showFlares":true,"showImageEffects":true,"showParticleSystems":true},"in2DMode":false,"pivot":{"x":48.14767837524414,"y":-31.15926742553711,"z":96.42920684814453},"rotation":{"x":0.3149218261241913,"y":0.011389056220650673,"z":-0.003779239021241665,"w":0.9490424990653992},"size":46.5728645324707,"orthographic":false}