{"cameraMode":{"drawMode":0,"name":"Shaded","section":"Shading Mode"},"sceneLighting":false,"audioPlay":false,"sceneViewState":{"showFog":true,"showMaterialUpdate":false,"showSkybox":false,"showFlares":true,"showImageEffects":true,"showParticleSystems":true},"in2DMode":false,"pivot":{"x":-0.02992260456085205,"y":1.0320844650268555,"z":-0.11181789636611939},"rotation":{"x":0.1540454626083374,"y":0.7605096101760864,"z":-0.19532428681850434,"w":0.5997937321662903},"size":3.0039455890655519,"orthographic":false}