{"cameraMode":{"drawMode":0,"name":"Shaded","section":"Shading Mode"},"sceneLighting":false,"audioPlay":false,"sceneViewState":{"showFog":true,"showMaterialUpdate":false,"showSkybox":false,"showFlares":true,"showImageEffects":true,"showParticleSystems":true},"in2DMode":false,"pivot":{"x":562.1304931640625,"y":-0.7555456161499023,"z":710.557861328125},"rotation":{"x":-0.1858098804950714,"y":0.09621787071228028,"z":-0.018286217004060746,"w":-0.9776932001113892},"size":63.63532638549805,"orthographic":false}