{"cameraMode":{"drawMode":0,"name":"Shaded","section":"Shading Mode"},"sceneLighting":false,"audioPlay":false,"sceneViewState":{"showFog":true,"showMaterialUpdate":false,"showSkybox":false,"showFlares":true,"showImageEffects":true,"showParticleSystems":true},"in2DMode":false,"pivot":{"x":0.0847170352935791,"y":1.0320844650268555,"z":-13.078878402709961},"rotation":{"x":0.19759418070316316,"y":0.25965622067451479,"z":-0.05436785891652107,"w":0.943710207939148},"size":3.5718131065368654,"orthographic":false}